use master
go
create database QLBanH
on primary (
	name = 'QLBanHang_dat',
	filename = 'F:\DataBase_Temp\QLBanHang.mdf',
	size=10MB,
	maxsize=50MB,
	filegrowth=10MB
)

log on(
	name = 'QLBanHang_log',
	filename = 'F:\DataBase_Temp\QLBanHang.ldf',
	size=1MB,
	maxsize=5MB,
	filegrowth=20%
)
go 
use QLBanH
create table HangSX(
	MaHangSX nchar(10) not null primary key,
	TenHang nvarchar(20),
	DiaChi nvarchar(30),
	SoDT nvarchar(20), 
	Email nvarchar(30) not null
)

create table NhanVien(
	MaNV nchar(10) not null primary key,
	TenNV nvarchar(20),
	GioiTinh nchar(10) not null,
	DiaChi nvarchar(30),
	SoDT nvarchar(20),
	Email nvarchar(30) not null,
	TenPhong nvarchar(30)
)

create table SanPham(
	MaSP nchar(10) not null primary key,
	MaHangSX nchar(10) not null,
	TenSP nvarchar(20),
	SoLuong int,
	MauSac nvarchar(20),
	GiaBan money,
	DonViTinh nchar(10),
	MoTa ntext,
	constraint fk_Sp_HSX foreign key(MaHangSX)
		references HangSX(MaHangSX)
)

create table PNhap(
	SoHDN nchar(10) not null primary key,
	NgayNhap date,
	MaNV nchar(10) not null,
	constraint fk_pn_nv foreign key(MaNV)
		references NhanVien(MaNV)
)

create table Nhap(
	SoHDN nchar(10) not null,
	MaSP nchar(10) not null,
	SoLuongNhap int,
	DonGiaNhap money,
	constraint pk_nhap primary key(SoHDN, MaSP),
	constraint fk_n_pn foreign key(SoHDN)
		references PNhap(SoHDN),
	constraint fk_n_sp foreign key(MaSP)
		references SanPham(MaSP)
)

create table PXuat(
	SoHDX nchar(10) not null primary key,
	NgayXuat date,
	MaNV nchar(10) not null,
	constraint fk_px_nv foreign key(MaNV)
		references NhanVien(MaNV)
)

create table Xuat(
	SoHDX nchar(10) not null,
	MaSP nchar(10) not null,
	SoLuongXuat int,
	constraint pk_xuat primary key(SoHDX, MaSP),
	constraint fk_x_px foreign key(SoHDX)
		references PXuat(SoHDX),
	constraint fk_x_sp foreign key(MaSP)
		references SanPham(MaSP)
)
go

insert into HangSX
values('H01', 'Samsung', N'Korea', '011-08271717', 'ss@gmail.com.kr'),
('H02', 'OPPO', N'China', '081-08626262', 'oppo@gmail.com.cn'),
('H03', 'Vinfone', N'Việt Nam', ' 084-098262626', 'vf@gmail.com.vn')

insert into NhanVien 
values('NV01', N'Nguyễn Thị Thu', N'Nữ', N'Hà Nội', '0982626521', 'thu@gmail.com', N'Kế toán'),
('NV02', N'Lê Văn Nam', N'Nam', N'Bắc Ninh', '0972525252', 'nam@gmail.com', N'Vật tư'),
('NV03', N'Trần Hòa Bình', N'Nữ', N'Hà Nội', '0328388388', 'hb@gmail.com', N'Kế toán')
insert into NhanVien
values('NV04', N'Nguyễn Văn Cảnh', N'Nam', N'Hà Nội', '0328388388', 'hb@gmail.com', N'Kế toán'),
('NV05', N'Nguyễn Bình Minh', N'Nam', N'Hà Nam', '0328388364', 'bm@gmail.com', N'Kế toán'),
('NV06', N'Trần Văn Bình', N'Nam', N'Nghệ An', '0328756386', 'tvb@gmail.com', N'Vật tư')

insert into SanPham 
values('SP01', 'H02', 'F1 Plus', 100, N'Xám', 7000000, N'Chiếc', N'Hàng cận cao cấp'),
('SP02', 'H01', 'Galaxy Note 11', 50, N'Đỏ', 19000000, N'Chiếc', N'Hàng cao cấp'),
('SP03', 'H02', 'F3 Lite', 200, N'Nâu', 3000000, N'Chiếc', N'Hàng phổ thông'),
('SP04', 'H03', 'Vjoy 3', 200, N'Xám', 1500000, N'Chiếc', N'Hàng phổ thông'),
('SP05', 'H01', 'Galaxy V21', 500, N'Nâu', 8000000, N'Chiếc', N'Hàng cận cao cấp')

insert into PNhap 
values('N01', '02-05-2019', 'NV01'),
	  ('N02', '04-07-2020', 'NV02'),
	  ('N03', '05-17-2020', 'NV02'),
	  ('N04', '03-22-2020', 'NV03'),
	  ('N05', '07-07-2020', 'NV01')


insert into Nhap 
values('N01', 'SP02', 10, 17000000),
('N02', 'SP01', 30, 6000000),
('N03', 'SP04', 20, 1200000),
('N04', 'SP01', 10, 6200000),
('N05', 'SP05', 20, 7000000)

insert into PXuat 
values('X01', '06-14-2020', 'NV02'),
	  ('X02', '03-05-2019', 'NV03'),
	  ('X03', '12-12-2020', 'NV01'),
	  ('X04', '06-02-2020', 'NV02'),
	  ('X05', '05-18-2020', 'NV01')

insert into Xuat 
values('X01', 'SP03', 5),
	  ('X02', 'SP01', 3),
	  ('X03', 'SP02', 1),
	  ('X04', 'SP03', 2),
	  ('X05', 'SP05', 1)

go

-- Bai 1: Scalar Valued Function
-- a.Xây dựng hàm Đưa ra tên hãng sản xuất khi nhập vào MaSP từ bàn phím
create function fn_1a(@masp nchar(10))
returns nvarchar(20)
as
begin
	declare @tenhang nvarchar(20)
	set @tenhang = (
		select TenHang
		from HangSX inner join SanPham
		on HangSX.MaHangSX=SanPham.MaHangSX
		where MaSP=@masp
	)
	return @tenhang
end
select dbo.fn_1a('SP03') as 'Ten Hang'


-- b.Xây dựng hàm đếm số sản phẩm có giá bán từ x đến y do hãng z cung ứng, với x,y,z nhập từ bàn phím.
create function fn_1b(@x money, @y money, @z nvarchar(20))
returns int
as
begin
	declare @count int
	set @count = (
		select count(MaSP)
		from SanPham inner join HangSX on SanPham.MaHangSX=HangSX.MaHangSX
		where GiaBan between @x and @y and TenHang=@z
		group by TenHang
	)
	return @count
end
select dbo.fn_1b(1000000, 10000000, 'OPPO') as 'So san pham'


-- Bai 2: Table Valued Function
-- c.Tạo hàm đưa ra thông tin các sản phẩm có giá bán >=x và do hãng y cung ứng. Với x,y nhập từ bàn phím
create function fn_2c(@x money, @y nvarchar(20))
returns @bang table(
	MASP nchar(10),
	TENSP nvarchar(20),
	SOLUONG int,
	MAU nvarchar(20),
	GIA money,
	DONVITINH nchar(10),
	MOTA ntext
)
as
begin
	insert into @bang
		select MaSP, TenSP, SoLuong, MauSac, GiaBan, DonViTinh, MoTa
		from SanPham
		inner join HangSX on SanPham.MaHangSX=HangSX.MaHangSX
		where GiaBan>=@x and TenHang=@y
	return
end
select * from fn_2c(2000000, 'Vinfone')